Dấu thời gian,Họ và tên,Tuổi,Giới tính,Khoa,Lý do đến khám/điều trị,Thời gian chờ đợi,Sự thân thiện của nhân viên y tế,Sự tôn trọng và quan tâm từ nhân viên y tế,Sự tiện nghi của cơ sở vật chất,Sự rõ ràng và dễ hiểu của quy trình khám,"Mức độ an toàn, vệ sinh",Hiệu quả của quá trình khám chữa bệnh,Điều gì bạn cảm thấy hài lòng nhất,Điều gì bạn cảm thấy cần cải thiện,Bạn có muốn giới thiệu bệnh viện này cho người thân và bạn bè không?,Vì sao?,Cảm nhận tổng thể của bạn đối với dịch vụ y tế,Trung bình Cộng,Nhãn,Normalized_Text,Tokens,Nhãn số,vector
2024-02-19 07:42:38,Nhân,28,Nam,Nội,Kiểm tra thai kỳ,14,5,2,1,3,1,3,Nhân viên y tế thân thiện,Thái độ nhân viên,Không,Quy trình nhanh gọn,4,2.5,Không hài lòng,kiểm tra thai kỳ,"['kiểm', 'tra', 'thai', 'kỳ']",2,"[0.0, 0.0, 0.0, 0.0, 0.5214572516615679, 0.42924003083204293, 0.0, 0.0, 0.0, 0.5214572516615679, 0.5214572516615679, 0.0, 0.0, 0.0, 0.0, 0.0]"
2024-07-19 02:00:31,Duyên,64,Nữ,Khám tổng quát,Khám bệnh nhi,51,4,4,5,2,3,1,Cơ sở vật chất sạch sẽ,Quy trình phức tạp,Không,Quy trình nhanh gọn,3,3.1666666666666665,Bình thường,khám bệnh nhi,"['khám', 'bệnh', 'nhi']",3,"[0.5658562384449622, 0.0, 0.5220356858739691, 0.0, 0.0, 0.0, 0.0, 0.6381892039881376, 0.0, 0.0, 0.0, 0.0, 0.0, 0.0, 0.0, 0.0]"
2024-03-03 17:25:55,Hoàng,43,Nam,Nội,Đau bụng,16,1,2,5,1,2,2,Cơ sở vật chất sạch sẽ,Thời gian chờ đợi,Có,Dịch vụ tốt,3,2.1666666666666665,Không hài lòng,đau bụng,"['đau', 'bụng']",2,"[0.0, 0.7071067811865475, 0.0, 0.0, 0.0, 0.0, 0.0, 0.0, 0.0, 0.0, 0.0, 0.0, 0.0, 0.7071067811865475, 0.0, 0.0]"
2024-08-04 18:32:53,Anh,79,Nam,Khám tổng quát,Đau bụng,17,1,5,4,3,3,2,Nhân viên y tế thân thiện,Vệ sinh,Có,Nhân viên tận tình,5,3.0,Bình thường,đau bụng,"['đau', 'bụng']",3,"[0.0, 0.7071067811865475, 0.0, 0.0, 0.0, 0.0, 0.0, 0.0, 0.0, 0.0, 0.0, 0.0, 0.0, 0.7071067811865475, 0.0, 0.0]"
2024-09-11 00:59:42,Mai,91,Nữ,Khám tổng quát,Khám bệnh nhi,13,4,5,2,3,3,5,Dịch vụ tốt,Cơ sở vật chất,Không,Dịch vụ tốt,4,3.6666666666666665,Bình thường,khám bệnh nhi,"['khám', 'bệnh', 'nhi']",3,"[0.5658562384449622, 0.0, 0.5220356858739691, 0.0, 0.0, 0.0, 0.0, 0.6381892039881376, 0.0, 0.0, 0.0, 0.0, 0.0, 0.0, 0.0, 0.0]"
2024-07-29 14:55:08,Châu,26,Nữ,Sản,Khám bệnh nhi,19,2,1,4,5,2,2,Cơ sở vật chất sạch sẽ,Quy trình phức tạp,Không,Dịch vụ tốt,1,2.6666666666666665,Không hài lòng,khám bệnh nhi,"['khám', 'bệnh', 'nhi']",2,"[0.5658562384449622, 0.0, 0.5220356858739691, 0.0, 0.0, 0.0, 0.0, 0.6381892039881376, 0.0, 0.0, 0.0, 0.0, 0.0, 0.0, 0.0, 0.0]"
2024-01-30 19:49:32,Tùng,94,Nam,Nội,Đau bụng,35,4,3,4,3,1,4,Cơ sở vật chất sạch sẽ,Quy trình phức tạp,Có,Thời gian chờ đợi quá lâu,1,3.1666666666666665,Bình thường,đau bụng,"['đau', 'bụng']",3,"[0.0, 0.7071067811865475, 0.0, 0.0, 0.0, 0.0, 0.0, 0.0, 0.0, 0.0, 0.0, 0.0, 0.0, 0.7071067811865475, 0.0, 0.0]"
2024-10-20 19:07:15,Yến,86,Nữ,Nội,Đau bụng,12,5,1,1,1,1,3,Dịch vụ tốt,Thời gian chờ đợi,Không,Thời gian chờ đợi quá lâu,2,2.0,Không hài lòng,đau bụng,"['đau', 'bụng']",2,"[0.0, 0.7071067811865475, 0.0, 0.0, 0.0, 0.0, 0.0, 0.0, 0.0, 0.0, 0.0, 0.0, 0.0, 0.7071067811865475, 0.0, 0.0]"
2024-08-14 17:01:57,Phúc,37,Nam,Ngoại,Kiểm tra thai kỳ,15,1,1,3,5,4,1,Nhân viên y tế thân thiện,Cơ sở vật chất,Có,Thời gian chờ đợi quá lâu,5,2.5,Không hài lòng,kiểm tra thai kỳ,"['kiểm', 'tra', 'thai', 'kỳ']",2,"[0.0, 0.0, 0.0, 0.0, 0.5214572516615679, 0.42924003083204293, 0.0, 0.0, 0.0, 0.5214572516615679, 0.5214572516615679, 0.0, 0.0, 0.0, 0.0, 0.0]"
2024-08-18 07:44:57,Trang,83,Nữ,Nội,Khám bệnh nhi,34,4,4,2,5,1,3,Bác sĩ tận tình,Vệ sinh,Không,Thời gian chờ đợi quá lâu,2,3.1666666666666665,Bình thường,khám bệnh nhi,"['khám', 'bệnh', 'nhi']",3,"[0.5658562384449622, 0.0, 0.5220356858739691, 0.0, 0.0, 0.0, 0.0, 0.6381892039881376, 0.0, 0.0, 0.0, 0.0, 0.0, 0.0, 0.0, 0.0]"
2024-08-30 11:16:47,Quân,2,Nam,Nhi,Kiểm tra thai kỳ,30,2,3,5,4,3,2,Thủ tục nhanh chóng,Cơ sở vật chất,Có,Thời gian chờ đợi quá lâu,2,3.1666666666666665,Bình thường,kiểm tra thai kỳ,"['kiểm', 'tra', 'thai', 'kỳ']",3,"[0.0, 0.0, 0.0, 0.0, 0.5214572516615679, 0.42924003083204293, 0.0, 0.0, 0.0, 0.5214572516615679, 0.5214572516615679, 0.0, 0.0, 0.0, 0.0, 0.0]"
2024-03-25 14:58:51,Linh,32,Nữ,Khám tổng quát,Khám bệnh nhi,7,5,3,1,1,3,4,Dịch vụ tốt,Quy trình phức tạp,Có,Nhân viên tận tình,1,2.833333333333333,Không hài lòng,khám bệnh nhi,"['khám', 'bệnh', 'nhi']",2,"[0.5658562384449622, 0.0, 0.5220356858739691, 0.0, 0.0, 0.0, 0.0, 0.6381892039881376, 0.0, 0.0, 0.0, 0.0, 0.0, 0.0, 0.0, 0.0]"
2024-04-05 20:00:56,Dũng,29,Nam,Ngoại,Kiểm tra thai kỳ,11,3,4,4,4,3,3,Bác sĩ tận tình,Cơ sở vật chất,Có,Dịch vụ tốt,1,3.5,Bình thường,kiểm tra thai kỳ,"['kiểm', 'tra', 'thai', 'kỳ']",3,"[0.0, 0.0, 0.0, 0.0, 0.5214572516615679, 0.42924003083204293, 0.0, 0.0, 0.0, 0.5214572516615679, 0.5214572516615679, 0.0, 0.0, 0.0, 0.0, 0.0]"
2024-08-14 16:52:08,Vinh,1,Nam,Nhi,Điều trị bệnh mãn tính,41,3,4,4,4,1,1,Thủ tục nhanh chóng,Vệ sinh,Không,Quy trình nhanh gọn,5,2.833333333333333,Không hài lòng,điều trị bệnh mãn tính,"['điều', 'trị', 'bệnh', 'mãn', 'tính']",2,"[0.3011655766275795, 0.0, 0.0, 0.0, 0.0, 0.0, 0.47678593085749127, 0.0, 0.0, 0.0, 0.0, 0.47678593085749127, 0.47678593085749127, 0.0, 0.47678593085749127, 0.0]"
2024-09-16 23:21:24,Cường,1,Nam,Nhi,Khám sức khỏe định kỳ,15,5,5,1,1,5,2,Cơ sở vật chất sạch sẽ,Cơ sở vật chất,Không,Quy trình nhanh gọn,1,3.1666666666666665,Bình thường,khám sức khỏe định kỳ,"['khám', 'sức', 'khỏe', 'định', 'kỳ']",3,"[0.0, 0.0, 0.34377073911359624, 0.5064663759987407, 0.0, 0.3351076079073682, 0.0, 0.0, 0.5064663759987407, 0.0, 0.0, 0.0, 0.0, 0.0, 0.0, 0.5064663759987407]"
2024-06-08 11:14:04,Dũng,91,Nam,Nội,Điều trị bệnh mãn tính,50,2,1,4,3,2,3,Thủ tục nhanh chóng,Cơ sở vật chất,Có,Quy trình nhanh gọn,2,2.5,Không hài lòng,điều trị bệnh mãn tính,"['điều', 'trị', 'bệnh', 'mãn', 'tính']",2,"[0.3011655766275795, 0.0, 0.0, 0.0, 0.0, 0.0, 0.47678593085749127, 0.0, 0.0, 0.0, 0.0, 0.47678593085749127, 0.47678593085749127, 0.0, 0.47678593085749127, 0.0]"
2024-03-02 10:37:38,Vy,54,Nữ,Nội,Khám bệnh nhi,33,3,5,1,1,5,1,Cơ sở vật chất sạch sẽ,Cơ sở vật chất,Không,Nhân viên tận tình,4,2.6666666666666665,Không hài lòng,khám bệnh nhi,"['khám', 'bệnh', 'nhi']",2,"[0.5658562384449622, 0.0, 0.5220356858739691, 0.0, 0.0, 0.0, 0.0, 0.6381892039881376, 0.0, 0.0, 0.0, 0.0, 0.0, 0.0, 0.0, 0.0]"
2024-03-31 19:44:56,Bình,21,Nam,Khám tổng quát,Khám bệnh nhi,34,3,3,3,5,2,1,Bác sĩ tận tình,Cơ sở vật chất,Không,Thời gian chờ đợi quá lâu,1,2.833333333333333,Không hài lòng,khám bệnh nhi,"['khám', 'bệnh', 'nhi']",2,"[0.5658562384449622, 0.0, 0.5220356858739691, 0.0, 0.0, 0.0, 0.0, 0.6381892039881376, 0.0, 0.0, 0.0, 0.0, 0.0, 0.0, 0.0, 0.0]"
2024-08-02 10:32:45,Dũng,52,Nam,Nội,Khám sức khỏe định kỳ,20,3,2,4,4,4,1,Dịch vụ tốt,Cơ sở vật chất,Không,Quy trình nhanh gọn,3,3.0,Bình thường,khám sức khỏe định kỳ,"['khám', 'sức', 'khỏe', 'định', 'kỳ']",3,"[0.0, 0.0, 0.34377073911359624, 0.5064663759987407, 0.0, 0.3351076079073682, 0.0, 0.0, 0.5064663759987407, 0.0, 0.0, 0.0, 0.0, 0.0, 0.0, 0.5064663759987407]"
2024-08-10 01:31:30,Hoàng,70,Nam,Khám tổng quát,Khám sức khỏe định kỳ,31,5,4,4,3,5,5,Dịch vụ tốt,Thái độ nhân viên,Không,Dịch vụ tốt,1,4.333333333333333,Hài lòng,khám sức khỏe định kỳ,"['khám', 'sức', 'khỏe', 'định', 'kỳ']",1,"[0.0, 0.0, 0.34377073911359624, 0.5064663759987407, 0.0, 0.3351076079073682, 0.0, 0.0, 0.5064663759987407, 0.0, 0.0, 0.0, 0.0, 0.0, 0.0, 0.5064663759987407]"
2024-10-20 06:20:01,Quyên,82,Nữ,Nội,Đau bụng,6,2,5,4,2,3,5,Nhân viên y tế thân thiện,Vệ sinh,Có,Quy trình nhanh gọn,3,3.5,Bình thường,đau bụng,"['đau', 'bụng']",3,"[0.0, 0.7071067811865475, 0.0, 0.0, 0.0, 0.0, 0.0, 0.0, 0.0, 0.0, 0.0, 0.0, 0.0, 0.7071067811865475, 0.0, 0.0]"
2024-05-09 20:35:05,Anh,28,Nam,Nội,Đau bụng,19,1,4,3,3,1,4,Nhân viên y tế thân thiện,Thái độ nhân viên,Không,Dịch vụ tốt,5,2.6666666666666665,Không hài lòng,đau bụng,"['đau', 'bụng']",2,"[0.0, 0.7071067811865475, 0.0, 0.0, 0.0, 0.0, 0.0, 0.0, 0.0, 0.0, 0.0, 0.0, 0.0, 0.7071067811865475, 0.0, 0.0]"
2024-04-12 06:44:36,Quân,13,Nam,Nhi,Kiểm tra thai kỳ,50,3,1,2,1,3,3,Nhân viên y tế thân thiện,Thời gian chờ đợi,Có,Nhân viên tận tình,1,2.1666666666666665,Không hài lòng,kiểm tra thai kỳ,"['kiểm', 'tra', 'thai', 'kỳ']",2,"[0.0, 0.0, 0.0, 0.0, 0.5214572516615679, 0.42924003083204293, 0.0, 0.0, 0.0, 0.5214572516615679, 0.5214572516615679, 0.0, 0.0, 0.0, 0.0, 0.0]"
2024-08-13 20:23:35,Linh,50,Nữ,Khám tổng quát,Đau bụng,49,5,3,1,3,2,5,Dịch vụ tốt,Thời gian chờ đợi,Có,Thời gian chờ đợi quá lâu,3,3.1666666666666665,Bình thường,đau bụng,"['đau', 'bụng']",3,"[0.0, 0.7071067811865475, 0.0, 0.0, 0.0, 0.0, 0.0, 0.0, 0.0, 0.0, 0.0, 0.0, 0.0, 0.7071067811865475, 0.0, 0.0]"
2024-06-22 17:13:01,Anh,56,Nam,Khám tổng quát,Đau bụng,57,2,3,2,1,5,2,Cơ sở vật chất sạch sẽ,Cơ sở vật chất,Có,Quy trình nhanh gọn,5,2.5,Không hài lòng,đau bụng,"['đau', 'bụng']",2,"[0.0, 0.7071067811865475, 0.0, 0.0, 0.0, 0.0, 0.0, 0.0, 0.0, 0.0, 0.0, 0.0, 0.0, 0.7071067811865475, 0.0, 0.0]"
2024-03-13 04:35:53,Bích,58,Nữ,Nội,Khám bệnh nhi,13,4,3,2,5,5,5,Thủ tục nhanh chóng,Vệ sinh,Có,Nhân viên tận tình,4,4.0,Hài lòng,khám bệnh nhi,"['khám', 'bệnh', 'nhi']",1,"[0.5658562384449622, 0.0, 0.5220356858739691, 0.0, 0.0, 0.0, 0.0, 0.6381892039881376, 0.0, 0.0, 0.0, 0.0, 0.0, 0.0, 0.0, 0.0]"
2024-06-06 22:04:16,Ngân,54,Nữ,Ngoại,Khám sức khỏe định kỳ,6,4,1,5,3,2,3,Thủ tục nhanh chóng,Quy trình phức tạp,Không,Nhân viên tận tình,4,3.0,Bình thường,khám sức khỏe định kỳ,"['khám', 'sức', 'khỏe', 'định', 'kỳ']",3,"[0.0, 0.0, 0.34377073911359624, 0.5064663759987407, 0.0, 0.3351076079073682, 0.0, 0.0, 0.5064663759987407, 0.0, 0.0, 0.0, 0.0, 0.0, 0.0, 0.5064663759987407]"
2024-05-24 17:25:51,Châu,72,Nữ,Nội,Đau bụng,23,2,2,5,2,3,4,Cơ sở vật chất sạch sẽ,Quy trình phức tạp,Không,Nhân viên tận tình,1,3.0,Bình thường,đau bụng,"['đau', 'bụng']",3,"[0.0, 0.7071067811865475, 0.0, 0.0, 0.0, 0.0, 0.0, 0.0, 0.0, 0.0, 0.0, 0.0, 0.0, 0.7071067811865475, 0.0, 0.0]"
2024-09-30 07:38:07,Minh,90,Nam,Khám tổng quát,Kiểm tra thai kỳ,57,2,5,3,3,3,3,Dịch vụ tốt,Thời gian chờ đợi,Không,Nhân viên tận tình,5,3.1666666666666665,Bình thường,kiểm tra thai kỳ,"['kiểm', 'tra', 'thai', 'kỳ']",3,"[0.0, 0.0, 0.0, 0.0, 0.5214572516615679, 0.42924003083204293, 0.0, 0.0, 0.0, 0.5214572516615679, 0.5214572516615679, 0.0, 0.0, 0.0, 0.0, 0.0]"
2024-04-02 15:40:38,Tùng,18,Nam,Ngoại,Khám bệnh nhi,23,2,5,3,4,4,5,Thủ tục nhanh chóng,Quy trình phức tạp,Có,Quy trình nhanh gọn,4,3.8333333333333335,Bình thường,khám bệnh nhi,"['khám', 'bệnh', 'nhi']",3,"[0.5658562384449622, 0.0, 0.5220356858739691, 0.0, 0.0, 0.0, 0.0, 0.6381892039881376, 0.0, 0.0, 0.0, 0.0, 0.0, 0.0, 0.0, 0.0]"
2024-06-22 18:05:38,Phương,6,Nữ,Nhi,Kiểm tra thai kỳ,12,1,5,1,2,2,4,Dịch vụ tốt,Cơ sở vật chất,Không,Thời gian chờ đợi quá lâu,2,2.5,Không hài lòng,kiểm tra thai kỳ,"['kiểm', 'tra', 'thai', 'kỳ']",2,"[0.0, 0.0, 0.0, 0.0, 0.5214572516615679, 0.42924003083204293, 0.0, 0.0, 0.0, 0.5214572516615679, 0.5214572516615679, 0.0, 0.0, 0.0, 0.0, 0.0]"
2024-02-08 10:39:29,Khoa,62,Nam,Khám tổng quát,Đau bụng,45,3,1,1,3,2,5,Nhân viên y tế thân thiện,Quy trình phức tạp,Có,Nhân viên tận tình,4,2.5,Không hài lòng,đau bụng,"['đau', 'bụng']",2,"[0.0, 0.7071067811865475, 0.0, 0.0, 0.0, 0.0, 0.0, 0.0, 0.0, 0.0, 0.0, 0.0, 0.0, 0.7071067811865475, 0.0, 0.0]"
2024-08-23 21:50:06,Cường,68,Nam,Nội,Khám bệnh nhi,21,1,3,2,1,2,3,Thủ tục nhanh chóng,Cơ sở vật chất,Có,Quy trình nhanh gọn,3,2.0,Không hài lòng,khám bệnh nhi,"['khám', 'bệnh', 'nhi']",2,"[0.5658562384449622, 0.0, 0.5220356858739691, 0.0, 0.0, 0.0, 0.0, 0.6381892039881376, 0.0, 0.0, 0.0, 0.0, 0.0, 0.0, 0.0, 0.0]"
2024-04-16 04:59:49,Quân,36,Nam,Nội,Kiểm tra thai kỳ,10,3,3,3,5,5,4,Dịch vụ tốt,Vệ sinh,Có,Quy trình nhanh gọn,3,3.8333333333333335,Bình thường,kiểm tra thai kỳ,"['kiểm', 'tra', 'thai', 'kỳ']",3,"[0.0, 0.0, 0.0, 0.0, 0.5214572516615679, 0.42924003083204293, 0.0, 0.0, 0.0, 0.5214572516615679, 0.5214572516615679, 0.0, 0.0, 0.0, 0.0, 0.0]"
2024-06-28 19:39:28,Anh,66,Nam,Nội,Đau bụng,42,1,3,3,1,1,4,Cơ sở vật chất sạch sẽ,Vệ sinh,Có,Quy trình nhanh gọn,1,2.1666666666666665,Không hài lòng,đau bụng,"['đau', 'bụng']",2,"[0.0, 0.7071067811865475, 0.0, 0.0, 0.0, 0.0, 0.0, 0.0, 0.0, 0.0, 0.0, 0.0, 0.0, 0.7071067811865475, 0.0, 0.0]"
2024-09-11 18:58:21,Quyên,84,Nữ,Nội,Khám sức khỏe định kỳ,37,4,2,5,3,4,2,Thủ tục nhanh chóng,Vệ sinh,Không,Thời gian chờ đợi quá lâu,3,3.333333333333333,Bình thường,khám sức khỏe định kỳ,"['khám', 'sức', 'khỏe', 'định', 'kỳ']",3,"[0.0, 0.0, 0.34377073911359624, 0.5064663759987407, 0.0, 0.3351076079073682, 0.0, 0.0, 0.5064663759987407, 0.0, 0.0, 0.0, 0.0, 0.0, 0.0, 0.5064663759987407]"
2024-09-18 18:16:26,Quân,58,Nam,Khám tổng quát,Kiểm tra thai kỳ,22,5,5,1,3,2,4,Dịch vụ tốt,Quy trình phức tạp,Có,Dịch vụ tốt,4,3.333333333333333,Bình thường,kiểm tra thai kỳ,"['kiểm', 'tra', 'thai', 'kỳ']",3,"[0.0, 0.0, 0.0, 0.0, 0.5214572516615679, 0.42924003083204293, 0.0, 0.0, 0.0, 0.5214572516615679, 0.5214572516615679, 0.0, 0.0, 0.0, 0.0, 0.0]"
2024-03-02 12:35:07,Phúc,99,Nam,Nội,Khám bệnh nhi,44,4,4,4,5,3,5,Nhân viên y tế thân thiện,Vệ sinh,Không,Nhân viên tận tình,2,4.166666666666667,Hài lòng,khám bệnh nhi,"['khám', 'bệnh', 'nhi']",1,"[0.5658562384449622, 0.0, 0.5220356858739691, 0.0, 0.0, 0.0, 0.0, 0.6381892039881376, 0.0, 0.0, 0.0, 0.0, 0.0, 0.0, 0.0, 0.0]"
2024-01-03 03:23:37,Anh,40,Nam,Khám tổng quát,Đau bụng,41,4,4,4,1,4,3,Bác sĩ tận tình,Thời gian chờ đợi,Có,Dịch vụ tốt,5,3.333333333333333,Bình thường,đau bụng,"['đau', 'bụng']",3,"[0.0, 0.7071067811865475, 0.0, 0.0, 0.0, 0.0, 0.0, 0.0, 0.0, 0.0, 0.0, 0.0, 0.0, 0.7071067811865475, 0.0, 0.0]"
2024-04-30 15:37:16,Bình,74,Nam,Khám tổng quát,Kiểm tra thai kỳ,14,4,2,2,2,3,4,Cơ sở vật chất sạch sẽ,Thái độ nhân viên,Có,Nhân viên tận tình,1,2.833333333333333,Không hài lòng,kiểm tra thai kỳ,"['kiểm', 'tra', 'thai', 'kỳ']",2,"[0.0, 0.0, 0.0, 0.0, 0.5214572516615679, 0.42924003083204293, 0.0, 0.0, 0.0, 0.5214572516615679, 0.5214572516615679, 0.0, 0.0, 0.0, 0.0, 0.0]"
2024-08-10 18:02:45,Cường,1,Nam,Nhi,Điều trị bệnh mãn tính,56,4,1,1,1,4,3,Bác sĩ tận tình,Vệ sinh,Không,Nhân viên tận tình,4,2.333333333333333,Không hài lòng,điều trị bệnh mãn tính,"['điều', 'trị', 'bệnh', 'mãn', 'tính']",2,"[0.3011655766275795, 0.0, 0.0, 0.0, 0.0, 0.0, 0.47678593085749127, 0.0, 0.0, 0.0, 0.0, 0.47678593085749127, 0.47678593085749127, 0.0, 0.47678593085749127, 0.0]"
2024-02-05 00:02:20,Yến,85,Nữ,Khám tổng quát,Kiểm tra thai kỳ,48,4,4,3,1,3,3,Dịch vụ tốt,Thái độ nhân viên,Không,Dịch vụ tốt,3,3.0,Bình thường,kiểm tra thai kỳ,"['kiểm', 'tra', 'thai', 'kỳ']",3,"[0.0, 0.0, 0.0, 0.0, 0.5214572516615679, 0.42924003083204293, 0.0, 0.0, 0.0, 0.5214572516615679, 0.5214572516615679, 0.0, 0.0, 0.0, 0.0, 0.0]"
2024-02-09 04:37:02,Tùng,74,Nam,Nội,Kiểm tra thai kỳ,47,3,4,3,1,4,1,Cơ sở vật chất sạch sẽ,Vệ sinh,Không,Quy trình nhanh gọn,4,2.6666666666666665,Không hài lòng,kiểm tra thai kỳ,"['kiểm', 'tra', 'thai', 'kỳ']",2,"[0.0, 0.0, 0.0, 0.0, 0.5214572516615679, 0.42924003083204293, 0.0, 0.0, 0.0, 0.5214572516615679, 0.5214572516615679, 0.0, 0.0, 0.0, 0.0, 0.0]"
2024-05-19 17:35:35,Cường,80,Nam,Nội,Khám sức khỏe định kỳ,57,2,5,5,4,1,3,Cơ sở vật chất sạch sẽ,Quy trình phức tạp,Có,Dịch vụ tốt,1,3.333333333333333,Bình thường,khám sức khỏe định kỳ,"['khám', 'sức', 'khỏe', 'định', 'kỳ']",3,"[0.0, 0.0, 0.34377073911359624, 0.5064663759987407, 0.0, 0.3351076079073682, 0.0, 0.0, 0.5064663759987407, 0.0, 0.0, 0.0, 0.0, 0.0, 0.0, 0.5064663759987407]"
2024-02-01 16:08:12,An,26,Nữ,Sản,Đau bụng,41,3,1,3,5,1,3,Nhân viên y tế thân thiện,Thái độ nhân viên,Không,Dịch vụ tốt,2,2.6666666666666665,Không hài lòng,đau bụng,"['đau', 'bụng']",2,"[0.0, 0.7071067811865475, 0.0, 0.0, 0.0, 0.0, 0.0, 0.0, 0.0, 0.0, 0.0, 0.0, 0.0, 0.7071067811865475, 0.0, 0.0]"
2024-10-22 09:26:54,Sơn,98,Nam,Khám tổng quát,Điều trị bệnh mãn tính,34,2,1,3,5,5,1,Nhân viên y tế thân thiện,Thái độ nhân viên,Có,Nhân viên tận tình,5,2.833333333333333,Không hài lòng,điều trị bệnh mãn tính,"['điều', 'trị', 'bệnh', 'mãn', 'tính']",2,"[0.3011655766275795, 0.0, 0.0, 0.0, 0.0, 0.0, 0.47678593085749127, 0.0, 0.0, 0.0, 0.0, 0.47678593085749127, 0.47678593085749127, 0.0, 0.47678593085749127, 0.0]"
2024-03-18 22:05:09,Duyên,87,Nữ,Nội,Kiểm tra thai kỳ,6,5,1,2,1,4,2,Cơ sở vật chất sạch sẽ,Thời gian chờ đợi,Không,Thời gian chờ đợi quá lâu,1,2.5,Không hài lòng,kiểm tra thai kỳ,"['kiểm', 'tra', 'thai', 'kỳ']",2,"[0.0, 0.0, 0.0, 0.0, 0.5214572516615679, 0.42924003083204293, 0.0, 0.0, 0.0, 0.5214572516615679, 0.5214572516615679, 0.0, 0.0, 0.0, 0.0, 0.0]"
2024-04-23 14:33:47,Hoàng,54,Nam,Ngoại,Đau bụng,49,3,1,5,3,4,5,Dịch vụ tốt,Vệ sinh,Không,Dịch vụ tốt,1,3.5,Bình thường,đau bụng,"['đau', 'bụng']",3,"[0.0, 0.7071067811865475, 0.0, 0.0, 0.0, 0.0, 0.0, 0.0, 0.0, 0.0, 0.0, 0.0, 0.0, 0.7071067811865475, 0.0, 0.0]"
2024-03-10 04:48:28,Quân,20,Nam,Khám tổng quát,Khám sức khỏe định kỳ,14,4,5,3,1,3,1,Cơ sở vật chất sạch sẽ,Quy trình phức tạp,Không,Quy trình nhanh gọn,2,2.833333333333333,Không hài lòng,khám sức khỏe định kỳ,"['khám', 'sức', 'khỏe', 'định', 'kỳ']",2,"[0.0, 0.0, 0.34377073911359624, 0.5064663759987407, 0.0, 0.3351076079073682, 0.0, 0.0, 0.5064663759987407, 0.0, 0.0, 0.0, 0.0, 0.0, 0.0, 0.5064663759987407]"
2024-05-03 07:11:55,Sơn,6,Nam,Nhi,Khám bệnh nhi,29,2,1,2,1,5,1,Bác sĩ tận tình,Cơ sở vật chất,Không,Nhân viên tận tình,3,2.0,Không hài lòng,khám bệnh nhi,"['khám', 'bệnh', 'nhi']",2,"[0.5658562384449622, 0.0, 0.5220356858739691, 0.0, 0.0, 0.0, 0.0, 0.6381892039881376, 0.0, 0.0, 0.0, 0.0, 0.0, 0.0, 0.0, 0.0]"
