Dấu thời gian,Họ và tên,Tuổi,Giới tính,Khoa,Lý do đến khám/điều trị,Thời gian chờ đợi,Sự thân thiện của nhân viên y tế,Sự tôn trọng và quan tâm từ nhân viên y tế,Sự tiện nghi của cơ sở vật chất,Sự rõ ràng và dễ hiểu của quy trình khám,"Mức độ an toàn, vệ sinh",Hiệu quả của quá trình khám chữa bệnh,Điều gì bạn cảm thấy hài lòng nhất,Điều gì bạn cảm thấy cần cải thiện,Bạn có muốn giới thiệu bệnh viện này cho người thân và bạn bè không?,Vì sao?,Cảm nhận tổng thể của bạn đối với dịch vụ y tế,Trung bình Cộng,Nhãn,Normalized_Text,Tokens,Nhãn số,vector
2024-08-14 16:52:08,Vinh,1,Nam,Nhi,Điều trị bệnh mãn tính,41,3,4,4,4,1,1,Thủ tục nhanh chóng,Vệ sinh,Không,Quy trình nhanh gọn,5,2.833333333333333,Không hài lòng,điều trị bệnh mãn tính,"['điều', 'trị', 'bệnh', 'mãn', 'tính']",2,"[0.3011655766275795, 0.0, 0.0, 0.0, 0.0, 0.0, 0.47678593085749127, 0.0, 0.0, 0.0, 0.0, 0.47678593085749127, 0.47678593085749127, 0.0, 0.47678593085749127, 0.0]"
2024-04-30 15:37:16,Bình,74,Nam,Khám tổng quát,Kiểm tra thai kỳ,14,4,2,2,2,3,4,Cơ sở vật chất sạch sẽ,Thái độ nhân viên,Có,Nhân viên tận tình,1,2.833333333333333,Không hài lòng,kiểm tra thai kỳ,"['kiểm', 'tra', 'thai', 'kỳ']",2,"[0.0, 0.0, 0.0, 0.0, 0.5214572516615679, 0.42924003083204293, 0.0, 0.0, 0.0, 0.5214572516615679, 0.5214572516615679, 0.0, 0.0, 0.0, 0.0, 0.0]"
2024-06-22 18:05:38,Phương,6,Nữ,Nhi,Kiểm tra thai kỳ,12,1,5,1,2,2,4,Dịch vụ tốt,Cơ sở vật chất,Không,Thời gian chờ đợi quá lâu,2,2.5,Không hài lòng,kiểm tra thai kỳ,"['kiểm', 'tra', 'thai', 'kỳ']",2,"[0.0, 0.0, 0.0, 0.0, 0.5214572516615679, 0.42924003083204293, 0.0, 0.0, 0.0, 0.5214572516615679, 0.5214572516615679, 0.0, 0.0, 0.0, 0.0, 0.0]"
2024-10-22 09:26:54,Sơn,98,Nam,Khám tổng quát,Điều trị bệnh mãn tính,34,2,1,3,5,5,1,Nhân viên y tế thân thiện,Thái độ nhân viên,Có,Nhân viên tận tình,5,2.833333333333333,Không hài lòng,điều trị bệnh mãn tính,"['điều', 'trị', 'bệnh', 'mãn', 'tính']",2,"[0.3011655766275795, 0.0, 0.0, 0.0, 0.0, 0.0, 0.47678593085749127, 0.0, 0.0, 0.0, 0.0, 0.47678593085749127, 0.47678593085749127, 0.0, 0.47678593085749127, 0.0]"
2024-03-31 19:44:56,Bình,21,Nam,Khám tổng quát,Khám bệnh nhi,34,3,3,3,5,2,1,Bác sĩ tận tình,Cơ sở vật chất,Không,Thời gian chờ đợi quá lâu,1,2.833333333333333,Không hài lòng,khám bệnh nhi,"['khám', 'bệnh', 'nhi']",2,"[0.5658562384449622, 0.0, 0.5220356858739691, 0.0, 0.0, 0.0, 0.0, 0.6381892039881376, 0.0, 0.0, 0.0, 0.0, 0.0, 0.0, 0.0, 0.0]"
2024-03-10 04:48:28,Quân,20,Nam,Khám tổng quát,Khám sức khỏe định kỳ,14,4,5,3,1,3,1,Cơ sở vật chất sạch sẽ,Quy trình phức tạp,Không,Quy trình nhanh gọn,2,2.833333333333333,Không hài lòng,khám sức khỏe định kỳ,"['khám', 'sức', 'khỏe', 'định', 'kỳ']",2,"[0.0, 0.0, 0.34377073911359624, 0.5064663759987407, 0.0, 0.3351076079073682, 0.0, 0.0, 0.5064663759987407, 0.0, 0.0, 0.0, 0.0, 0.0, 0.0, 0.5064663759987407]"
2024-06-06 22:04:16,Ngân,54,Nữ,Ngoại,Khám sức khỏe định kỳ,6,4,1,5,3,2,3,Thủ tục nhanh chóng,Quy trình phức tạp,Không,Nhân viên tận tình,4,3.0,Bình thường,khám sức khỏe định kỳ,"['khám', 'sức', 'khỏe', 'định', 'kỳ']",3,"[0.0, 0.0, 0.34377073911359624, 0.5064663759987407, 0.0, 0.3351076079073682, 0.0, 0.0, 0.5064663759987407, 0.0, 0.0, 0.0, 0.0, 0.0, 0.0, 0.5064663759987407]"
2024-03-13 04:35:53,Bích,58,Nữ,Nội,Khám bệnh nhi,13,4,3,2,5,5,5,Thủ tục nhanh chóng,Vệ sinh,Có,Nhân viên tận tình,4,4.0,Hài lòng,khám bệnh nhi,"['khám', 'bệnh', 'nhi']",1,"[0.5658562384449622, 0.0, 0.5220356858739691, 0.0, 0.0, 0.0, 0.0, 0.6381892039881376, 0.0, 0.0, 0.0, 0.0, 0.0, 0.0, 0.0, 0.0]"
2024-08-23 21:50:06,Cường,68,Nam,Nội,Khám bệnh nhi,21,1,3,2,1,2,3,Thủ tục nhanh chóng,Cơ sở vật chất,Có,Quy trình nhanh gọn,3,2.0,Không hài lòng,khám bệnh nhi,"['khám', 'bệnh', 'nhi']",2,"[0.5658562384449622, 0.0, 0.5220356858739691, 0.0, 0.0, 0.0, 0.0, 0.6381892039881376, 0.0, 0.0, 0.0, 0.0, 0.0, 0.0, 0.0, 0.0]"
2024-08-10 01:31:30,Hoàng,70,Nam,Khám tổng quát,Khám sức khỏe định kỳ,31,5,4,4,3,5,5,Dịch vụ tốt,Thái độ nhân viên,Không,Dịch vụ tốt,1,4.333333333333333,Hài lòng,khám sức khỏe định kỳ,"['khám', 'sức', 'khỏe', 'định', 'kỳ']",1,"[0.0, 0.0, 0.34377073911359624, 0.5064663759987407, 0.0, 0.3351076079073682, 0.0, 0.0, 0.5064663759987407, 0.0, 0.0, 0.0, 0.0, 0.0, 0.0, 0.5064663759987407]"
